-- phpMyAdmin SQL Dump
-- version 4.6.5.2
-- https://www.phpmyadmin.net/
--
-- Host: 127.0.0.1
-- Generation Time: Dec 15, 2017 at 04:18 AM
-- Server version: 10.1.21-MariaDB
-- PHP Version: 5.6.30

SET SQL_MODE = "NO_AUTO_VALUE_ON_ZERO";
SET time_zone = "+00:00";


/*!40101 SET @OLD_CHARACTER_SET_CLIENT=@@CHARACTER_SET_CLIENT */;
/*!40101 SET @OLD_CHARACTER_SET_RESULTS=@@CHARACTER_SET_RESULTS */;
/*!40101 SET @OLD_COLLATION_CONNECTION=@@COLLATION_CONNECTION */;
/*!40101 SET NAMES utf8mb4 */;

--
-- Database: `projectfinal_breakfastelderly`
--

-- --------------------------------------------------------

--
-- Table structure for table `article`
--

CREATE TABLE `article` (
  `article_id` int(11) NOT NULL,
  `article_title` varchar(100) COLLATE utf8_unicode_ci DEFAULT NULL,
  `article_detail` text COLLATE utf8_unicode_ci,
  `article_image` varchar(50) COLLATE utf8_unicode_ci DEFAULT NULL,
  `article_resource` varchar(200) COLLATE utf8_unicode_ci DEFAULT NULL,
  `article_datetime` datetime NOT NULL DEFAULT CURRENT_TIMESTAMP,
  `article_updatatime` datetime NOT NULL DEFAULT CURRENT_TIMESTAMP,
  `article_creator` varchar(100) COLLATE utf8_unicode_ci DEFAULT NULL
) ENGINE=InnoDB DEFAULT CHARSET=utf8 COLLATE=utf8_unicode_ci;

--
-- Dumping data for table `article`
--

INSERT INTO `article` (`article_id`, `article_title`, `article_detail`, `article_image`, `article_resource`, `article_datetime`, `article_updatatime`, `article_creator`) VALUES
(1, 'ทำไมการแพ้อาหารจึงเป็นเรื่องที่สำคัญ', '<p>	ปฏิกิริยาภูมิแพ้อาจทำให้ผู้ที่แพ้อาหารมีอาการเจ็บป่วยอย่างรุนแรง และบางครั้งอาจจะรุนแรง</p><p>และบางครั้งอาจจะรุนแรงถึงขั้นทำใหเ้สียชีวิตได ้อย่างไรก็ตาม ยังไม่มีวีธิการใดที่จะรักษาโรคภูมิ</p><p>แพ้อาหารได้อย่างแท้จริง การป้องกันไม่ให้เจ็บป่วยจากการรับประทานอาหารที่ตนเองแพ</p>', 'wOtvf.data3.png', 'วิจัย เรื่อง ข้อมูลอาหาที่มีสารก่อภูมิแพ้สำหรัับ อาหารที่ไม่อยู่ในภาชนะบรรจุ', '2017-12-07 21:09:25', '2017-12-07 21:09:25', 'Nattapong Thipbamrung'),
(2, 'อาหารที่มีสารก่อภูมิ 14 ชนิิด', '<p>อาหารที่มีสารก่อภูมิแพ้หลักๆ มีอยู่ 14 ชนิด ที่จำเป็นต้องแสดงเมื่อใช้เป็นส่วน ผสม รายการต่อไปนี้จะบอกให้\n    ท่านทราบว่าอาหารที่มีสารก่อภูมิแพ้มีอะไรบ้าง และจะมีตัวอย่างอาหารที่อาจะพบสารก่อภมูิแพ้เหล่านี้้ด้วย</p>\n<p>1 ผักขึ้นฉ่าย คือ รวมถึง ลำต้นใบและเมล็ดขึ้นฉ่าย และหัวขึ้นฉ่ายฝรั่ง มักจะพบในเกลือผลสมขึ้นฉ่าย สลัด ผลิตภัณฑ์เนื้อบางชนิด\nซุป และ เครื่องปรุงซุปแบบก้อน</p>\n<p>2 ซึ่งได้แก่ ข้าวสาลี(เช่น สเปลท์ และข้าวสาลีโคราซาน/คามุท)ข้าวไรย์ ข้าวบาร์เลย์ และโอ๊ต มักจะพบในอาหารที่มีแป้งเป็นส่วนผสม\nเช่น ผงฟูบางชนิด แป้งชุดทอด เกล็ดขนมปัง ขนมปัง ขนมเค้ก คูสคูส ผลิตตภัณฑ์เนื้อ พาสต้า แป้งพาย ซอสซุป และอาหารอื่นๆ ที่มีการโรยแป้ง\nธัญพืชเป็นอาหารที่จะต้องแสดง แต่ขึ้นอยู่กับตัวท่านว่าท่านต้องการที่แสดงกลูเตนที่มีอยู่ในธัญพืชหรือไม่</p>\n<p>3 สัตว์น้ำที่มี เปลือกแข็ง ซึ่งได้แก ปู ล็อบสเตอร์ กุ้งและกุ้งสแคมปี มักจะพบในกะปิที่ใช้ในแกงอาหารไทย หรือ สลัดไทย\n</p>\n<p>4 ไข่ มักจะพบในขนมเค้ก ผลิตภัณฑ์เนื้อบางชนิด มายองเนส มูส พาสต้า คีช ซอสและอาหารที่ทาหรือเคลือบด้วยไข่\n</p>\n<p>5 ปลา มักจะพบในน้ำปลาบางชนิด พิซซ่า เครื่องปรงุรส น้ำปรุงสลัด เครื่องปรุงซุปแบบก้อน และในซอสวูสเตอร์</p>\n<p>6 ลุพิน รวมถึงเมล็ดลูพิน และแป้งลูพิน และสามารถพบได้ในขนมปัง บางชนิด รวมทั้งแป้งพาย และพาสต้า</p>\n<p>7 นม พบในเนย เนยแข็ง ครีม นมผง และโยเกริต์ มักจะใช้ในอาหาร ทเี่คลือบด้วยนม ผงซุป และซอสต่างๆ</p>\n<p>8 สัตว์จำพวกหอย และปลาหมึก ซึ่งไดแ้ก ่หอยแมลงภ ู่หอยทาก ปลาหมึก และหอยเทพรส มัก จะพบในซอสหอยนำงรม\n    หรือใช้เป็นส่วนผสมในสตูว์ปลา\n</p>\n<p>9 มัสตาร์ด  รวมถึงมัสตาร์ดเหลว ผงมัสตาร์ด และเมล็ดมัสตาร์ด มักจะพบ ในขนมปัง แกงกะหร ี่ผงหมัก ผลติภณัฑเ์นื้อ\n    น้ำปรุงสลัด ซอสและซุป</p>\n<p>10 ถั่วที่มีเปลือกแข็ง ซึ่งไดแ้ก ่อัลมอนด ์ เฮเซิลนัท วอลนัท เม็ดมะม่วงหิมพานต์ ถั่วพีแคน ถั่วบราซิล ถั่วพิสตาชิโอ ถั่วแมคคาเดเมีย\nหรือถั่วควีนส์แลนด์ ถั่วหล่านี้สามารถพบได้ในขนมปัง  บิสกิต แครก เกอร ์ขนมหวาน ไอศกรีม มาร์ซีแพน </p>\n<p>11 ถั่วดิสง สามารถพบได้ในบิสกิต ขนมเค้ก แกงกะหร ี่ขนมหวาน และ ซอสต่างๆ เช่น น้ำจิ้มสะเตะ๊ และยังพบในน้ำมันถั่วดิสง และ แป้งถั่วดิสงด้วย\n</p>\n<p>12 เมล็ดงา  สามารถพบได้ในขนมปัง ขนมปังแท่ง ฮูมูส น้ำมันงา และทาฮินี (งาบดเป็นครีมข้น)</p>\n<p>13 ถั่วเหลือง สำมำรถพบได้ในเต้าหู้ ้ถั่วแระญี่ปุ่น เต้าเจี้ยวญี่ปุ่นบด โปรตีน เกษตรหรือเนื้อเทียม แป้งถั่วเหลือง หรือเต้าหู้ มักจะใช้ในขนม\n    หวานบางชนิด รวมทั้งไอศรีม   ผลิตภัณฑเ์นื้อ ซอสต่างๆ และ ผลิตภัณฑเ์อาหารมังสวิรัติ\n</p>14 ซัลเฟอร์ได อ็อกไซด์ มักใช้สารกันบุดหรือวัตถุกันเสียในผลไม้แห้ง ผลิตภัณฑเ์เนื้อสัตว์ น้ำอัดลม และผักต่างๆ รวมทั้งไวน์ และเบียร์\n<p><br></p>', 'VaZaB.data1.png', 'วิจัย เรื่อง ข้อมูลอาหาที่มีสารก่อภูมิแพ้สำหรัับ อาหารที่ไม่อยู่ในภาชนะบรรจุ', '2017-12-07 21:36:52', '2017-12-07 21:36:52', '์Nattapong Thipbamrung');

-- --------------------------------------------------------

--
-- Table structure for table `composition`
--

CREATE TABLE `composition` (
  `ID_Composition` int(3) NOT NULL,
  `composition_Name` varchar(50) COLLATE utf8_unicode_ci NOT NULL,
  `composition_ratio` varchar(50) COLLATE utf8_unicode_ci NOT NULL,
  `ID_Menu` int(3) NOT NULL
) ENGINE=InnoDB DEFAULT CHARSET=utf8 COLLATE=utf8_unicode_ci;

--
-- Dumping data for table `composition`
--

INSERT INTO `composition` (`ID_Composition`, `composition_Name`, `composition_ratio`, `ID_Menu`) VALUES
(1, '1 ส่วน = 2 ผลเล็ก', 'น้ำหนักส่วนที่กินได้ 50 กรัม', 1),
(2, '1 ส่วน = 1 ผลเล็ก', 'น้ำหนักส่วนที่กินได้ 40 กรัม', 2),
(3, '1 ส่วน = 1/4 ผล', 'น้ำหนักส่วนที่กินได้ 80 กรัม', 3),
(4, '1 ส่วน = 2 ยวง', 'น้ำหนักส่วนที่กินได้ 60 กรัม', 4),
(5, '1 ส่วน =  6 ชิ้นคำ(6*3*1 ซม.)', 'น้ำหนักส่วนที่กินได้ 170 กรัม', 5),
(6, '1 ส่วน = 8 ชิ้นคำ(4.5*2*1 ซม.)', 'น้ำหนักส่วนที่กินได้ 180 กรัม', 5),
(7, '1 ส่วน = 4 ผล', 'น้ำหนักส่วนที่กินได้ 72 กรัม', 6),
(8, '1 ส่วน = 1 ผลใหญ่', 'น้ำหนักส่วนที่กินได้ 126 กรัม', 7),
(9, '1 ส่วน = 20 ผลกลาง', 'น้ำหนักส่วนที่กินได้ 60 กรัม', 8),
(10, '1 ส่วน = 8 ชิ้นคำ (8*6*1.5 ซม.)', 'น้ำหนักส่วนที่กินได้ 170 กรัม', 9),
(11, '1 ส่วน = 5 ชิ้นคำ (7*6*1.5 ซม.)', 'น้ำหนักส่วนที่กินได้ 1800 กรัม', 9),
(12, '1 ส่วน = 1/2 เม็ดขนาดกลาง', 'น้ำหนักส่วนที่กินได้ 40 กรัม', 10),
(13, '1 ส่วน = 1/2 ผล', 'น้ำหนักส่วนที่กินได้ 125 กรัม', 11),
(14, '1 ส่วน = 1/2 ผล', 'น้ำหนักส่วนที่กินได้ 120 กรัม', 12),
(15, '1 ส่วน =  4 ผล', 'น้ำหนักส่วนที่กินได้ 64 กรัม', 13),
(16, '1 ส่วน = 1 ลูก', 'น้ำหนักส่วนที่กินได้ 123 กรัม', 14),
(17, '1 ส่วน = 1 ลูก', 'น้ำหนักส่วนที่กินได้ 259 กรัม', 15),
(18, '1 ส่วน = 1 ผล', 'น้ำหนักส่วนที่กินได้ 150 กรัม', 16),
(19, '1 ส่วน = 1/4 ผลกลาง', 'น้ำหนักส่วนที่กินได้ 80 กรัม', 17),
(20, '1 ส่วน = 1/4 ผลกลาง', 'น้ำหนักส่วนที่กินได้ 70 กรัม', 18),
(21, '1 ส่วน = 1/4 ผลกลาง', 'น้ำหนักส่วนที่กินได้  65 กรัม', 19),
(22, '1 ส่วน = 1/4 ผลกลาง', 'น้ำหนักส่วนที่กินได้  70 กรัม', 20),
(23, '1 ส่วน  =  3 ผล', 'น้ำหนักส่วนที่กินได้ 90 กรัม', 21),
(24, 'ข้าวสุก 1 ทัพพี', 'ุ60 กรัม', 22),
(25, 'ข้าวกล่อง  1 ทัพพี', '60 กรัม', 23),
(26, 'ข้าวสุก', '1 1/2 ถ้วย', 24),
(27, 'หมูรวน', '1/2 ถ้วย', 24),
(28, 'น้ำชุป', '3 ถ้วย', 24),
(29, 'กระเทียมเจียว', '1 ช้อนโต๊ะ', 24),
(30, 'พริกไทยป่น', '1/8 ช้อนชา', 24),
(31, 'น้ำปลา', '1 ช้อนชา', 24),
(32, 'ต้มหอมผักซีหั่นให้หยาบๆ', 'อย่างละ 1 ต้น', 24),
(33, 'คื่นฉ่ายหั่นให้หยาบ', '1/4 ถ้วย', 24),
(34, 'มะกะโรนีลวก', '1 ถ้วยตวง', 25),
(35, 'กุ้งสดลวก', '5-6 ตัว', 25),
(36, 'ไข่ไก่', '1 ฟอง', 25),
(37, 'หอมหัวใหญ่', '1 1/2 ช้อนโต๊ะ', 25),
(38, 'แครอท หั่นเต๋า', '2 ช้อนโต๊ะ', 25),
(39, 'มะเขือเทศหั่นเต๋า ไม่เอาเมล็ด', '2 ช้อนโต๊ะ', 25),
(40, 'มะเขิอเทศเชอร์รี่', '4-5 ลูก', 25),
(41, 'ผักกาดหอม', 'สำหรับตกแต่ง', 25),
(42, 'กะหล่ำปลี', '1 ถ้วยตวง', 25),
(43, 'คื่นฉ่าย', '4 ช้อนโต๊ะ', 25),
(44, 'ซีอิ๊วขาว', '2 ช้อนโต๊ะ', 25),
(45, 'ซอสมะเขือเทศ', '3 ช้อนโต๊ะ', 25),
(46, 'เนยจืด', 'เล็กน้อย', 25),
(47, 'ข้าวกล้องหอมมะลิ', '1 ถ้วย', 26),
(48, 'ไก่สับละเอียด', '2 ช้อนโต๊ะพูน', 26),
(49, 'แครอท มะเขือเทศ หอมหัวใหญ่หั่นเป็นลูกเต๋าอย่างละ', '2 ช้อนชา', 26),
(50, 'ต้มหอมซอยละเอียด', '1 ช้อนชา', 26),
(51, 'ซอสเหยาะจิ้มตราแม็กกี้', '2 ช้อนชา', 26),
(52, 'ไข่ไก่', '1 ฟอง', 26),
(53, 'เนย', '1 ช้อนชา', 26),
(54, 'สาหร่าย', 'เล็กน้อย', 26),
(55, 'เนื้อปลากระพงแร่ตามยาว', '10 ชิ้น', 27),
(56, 'ปีกไก่', '5 ปีก', 27),
(57, 'แครอท หั่นเป็นท่อนพอดีคำ', '1/2  ถ้วย', 27),
(58, 'ซูกินี่ ไม่ต้องปอกเปลือกหั่นพอดีคำ', '1/2 ถ้วย', 27),
(59, 'ฟักทองหั่นพอดีคำ', '1/2 ถ้วย', 27),
(60, 'ก้านคื่นฉ่ายลวก', 'ตกแต่ง', 27),
(61, 'กระเทียม พริกไทย รากผักชี โขลกละเอียด', '1 ช้อนโต๊ะ', 27),
(62, 'ซอสปรุงรส', '2 ช้อนโต๊ะ', 27),
(63, 'ข้าวกล้องสุก หรือข้าวสวย', '2 ถ้วย', 28),
(64, 'สันในไก่หั่นสี่เหลียมลูกเต๋า', '1 ถ้วย', 28),
(65, 'หอมใหญ่หั่นสี่เหลี่ยมลูกเต๋า', '1 ถ้วย', 28),
(66, 'สันในไก่หั่นสี่เหลียมลูกเต๋า', '1 ถ้วย', 28),
(67, 'ต้มหอยหั่นฝอย', '2 ช้อนโต๊ะ', 28),
(68, 'ซอสมะเขือเทศ', '1 ถ้วย', 28),
(69, 'ซีอิ๊วขาว', '1 ช้อนโต๊ะ', 28),
(70, 'เกลือป่น', '1 ช้อนชา', 28),
(71, 'พริกไทยป่น', '1 ช้อนชา', 28),
(72, 'น้ำมันพืช', '5 ช้อนโต๊ะ', 28),
(73, 'ไข่ไก่', '4 ฟอง', 28),
(74, 'สาหร่ายชนิดทำข้าวห่อสาหร่าย', '4 แผ่น', 28),
(75, 'ข้าวสวย', '1 ช้อนโต๊ะ', 29),
(76, 'ปลากะพงหั่นชิ้นเล็ก', '1 ช้อนโต๊ะ', 29),
(77, 'มันฝรั่งสับ', '1 ช้อนโต๊ะ', 29),
(78, 'ผักโขมสับ', '1/2 ช้อนโต๊ะ', 29),
(79, 'น้ำซุป', '1 ถ้วย', 29),
(80, 'ซีอิ้วขาว', '1 ช้อนชา', 29),
(81, 'สับปะรด', '400 กรัม', 30),
(82, 'กระดูกหมูซี่โครงอ่อน', '200 กรัม', 30),
(83, 'แครอท', '1/4 ถ้วยตวง', 30),
(84, 'กุ้งแห้ง', '2 ช้อนโต๊ะ', 30),
(85, 'ตั้งฉ่าย', '1 ช้อนโต๊ะ', 30),
(86, 'ต้นหอม', '1/4 ถ้วยตวง', 30),
(87, 'เกลือ', '1 ช้อนชา', 30),
(88, 'ซีอิ้วขาว', '2 ช้อนโต๊ะ', 30),
(89, 'ปักคี้', '1 ตำลึง', 31),
(90, 'เก๋ากี้', '1 ตำลึง', 31),
(91, 'เง็กเต็ก', '1 ตำลึง', 31),
(92, 'ซัวเซียม', '1 ตำลึง', 31),
(93, 'ไก่ดำ ( ถ้าไม่มี ใช้ไก่บ้านแทนก็ได้)', '1 ตัว', 31),
(94, 'ซีอิ้ว', '1 ช้อนชา', 31),
(95, 'เต้าหู้หลอด', '2 หลอด', 32),
(96, 'เห็ดหอมแช่น้ำให้นิ่มหั่นชิ้นเล็ก', '4 ดอก', 32),
(97, 'ต้นหอมหั่นท่อนยาว', '2-3 ต้น', 32),
(98, 'หอมใหญ่หั่นเสี้ยว', '1 หัว', 32),
(99, 'เม็ดมะม่วงหิมพานต์ทอด', '1 ถ้วย', 32),
(100, 'กระเทียมสับละเอียด', '1 ช้อนโต๊ะ', 32),
(101, 'พริกไทยป่น', '1 ช้อนชา', 32),
(102, 'แป้งมัน', '1 ช้อนโต๊ะ', 32),
(103, 'น้ำตาลทราย', '1 ช้อนชา', 32),
(104, 'ซีอิ้วขาว', '1 ช้อนโต๊ะ', 32),
(105, 'น้ำมันหอย', '2 ช้อนโต๊ะ', 32),
(106, 'น้ำชุป', '3 ช้อนโต๊ะ', 32),
(107, 'น้ำมันพืช', 'สำหรับทอด', 32),
(108, 'ถั่วเหลือง', '1 กิโลกรัม', 33),
(109, 'น้ำตาลทราย', '6 ถ้วย', 33),
(110, 'น้ำ', '16 ถ้วย', 33),
(111, 'เต้าหู้ขาวชนิดอ่อน', '2 แผ่น', 34),
(112, 'ผักชีชอย', '2  ช้อนโต๊ะ', 34),
(113, 'พริกขี้หนูเขียว แดง , สับละเอียด', '3 ช้อนโต๊ะ', 34),
(114, 'กระเทียมสับละเอียด', '3 ช้อนโต๊ะ', 34),
(115, 'น้ำตาลทราย', '1 ช้อนโต๊ะ', 34),
(116, 'ซีอิ้วขาว', '3 ช้อนโต๊ะ', 34),
(117, 'น้ำมะนาว', '1/4 ถ้วย', 34),
(118, 'กะหล่ำปลีหัวเล็ก', '1 หัว', 35),
(119, 'เต้าหู้เหลืองชนิดแข็ง', '1 แผ่น', 35),
(120, 'เห็ดฟางสับหยาบ', '8 ดอก', 35),
(121, 'ไข่ไก่', '1/2 ฟอง', 35),
(122, 'เห็ดหอมแช่น้ำให้นิ่มหั่นชิ้นเล้ก', '2 ดอก', 35),
(123, 'พริกชี้ฟ้าแดงหั่นฝอย', '1 เม็ด', 35),
(124, 'แป้งมัน', '1 ช้อนโต๊ะ', 35),
(125, 'พริกไทยป่น', '1/4 ช้อนชา', 35),
(126, 'น้ำตาลทราย ซีอิ้วขาว', 'อย่างละ 1 ช้อนชา', 35),
(127, 'เกลือป่น', '1/4 ช้อนชา', 35),
(128, 'เต้าหู้ขาวชนิดแข็ง', '2 แผ่น', 36),
(129, 'รากผักชี กระเทียม พริกไทย โขลกรวมกัน', '1 ช้อนโต๊ะ', 36),
(130, 'ตะไคร้หั่นท่อนทุบ', '1 ต้น', 36),
(131, 'ดอกโป๊ยกั๊ก', '1/2 ดอก', 36),
(132, 'งาขาวคั่ว', '1 ช้อนโต๊ะ', 36),
(133, 'ถั่วดิสงคั่วป่น', '3 ช้อนโต๊ะ', 36),
(134, 'แป้งมัน', '1 ช้อนโต๊ะ', 36),
(135, 'น้ำตาลทราย', '1/2 ช้อนโต๊ะ', 36),
(136, 'ซีอิ้วขาว', '2 ช้อนโต๊ะ', 36),
(137, 'ชอสปรุงรส', '2 ช้อนโต๊ะ', 36),
(138, 'น้ำ', '1 1/2 ถ้วย', 36),
(139, 'น้ำมันพืช', '2 ช้อนโต๊ะ', 36),
(140, 'สีผสมอาหารสีแดง', 'เล็กน้อย', 36),
(141, 'ข้าวสารข้าวกล่อง', '1 1/2 ถ้วย', 37),
(142, 'เนื้อหมูหั่นชิ้นเล็ก', '150 ถ้วย', 37),
(143, 'กุ้งแห้งหั่นเล็กๆ หรือ ปั่น', '1/4 ถ้วย', 37),
(144, 'กะปิดี', '1 1/2 ช้อนโต๊ะ', 37),
(145, 'ไข่ไก่ตีให้เข้ากัน', '1 ฟอง', 37),
(146, 'แตงกวา', '6 ลูก', 37),
(147, 'มะดันซอย', '4 ลูก', 37),
(148, 'มะนาว', '3 ลูก', 37),
(149, 'ผักชีเด็ดเป็นใบ', '1 ต้น', 37),
(150, 'หอมแดงซอย', '4 หัว', 37),
(151, 'กระเทียมสับละเอียด', '1 ช้อนโต๊ะ', 37),
(152, 'น้ำตาลทราย', '1 ช้อนชา', 37),
(153, 'น้ำมันพืช', '1/4 ถ้วย', 37),
(154, 'ฟักทองปอกเปลือกหั่นชิ้นเล็ก', '1 1/2 ถ้วย', 38),
(155, 'หอมใหญ่สับละเอียด', '1 ช้อนโต๊ะ', 38),
(156, 'เกลือป่น', '1 ช้อนชา', 38),
(157, 'พริกไทยป่น', '1 ช้อนชา', 38),
(158, 'ใบกระวาน', '3 ใบ', 38),
(159, 'นมข้มจืด', '1/2 ถ้วย', 38),
(160, 'เนย', '1 ช้อนโต๊ะ', 38),
(161, 'น้ำซุปไก่', '2 1/2 ถ้วย', 38),
(162, 'ข้าวโพดฝานเอาแต่เมล็ดบางๆ', '1 ถ้วย', 39),
(163, 'หอมใหญ่สับละเอียด', '1 ช้อนโต๊ะ', 39),
(164, 'ใบกระวาน', '2 ใบ', 39),
(165, 'เนย', '1 ช้อนโต๊ะ', 39),
(166, 'นมข้มจืด', '1/2 ถ้วย', 39),
(167, 'เกลือป่น', '1 ช้อนชา', 39),
(168, 'พริกไทยป่น', '1 ช้อนชา', 39),
(169, 'น้ำชุปไก่', '2 1/2 ถ้วย', 39),
(170, 'ข้าวกล้องหุ่งสุก', '2 ถ้วย', 40),
(171, 'เนื้อหมูหั่นบาง', '1/4 ถ้วย', 40),
(172, 'ข้าวโพดต้มแกะเมล็ด', '1/2 ถ้วย', 40),
(173, 'มะเขือเทศหั่นสี่เหลี่ยมเล็ก', '1/4 ถ้วย', 40),
(174, 'หอมใหญ่หั่นสี่เหลี่ยมเล็ก', '1/4 ถ้วย', 40),
(175, 'ถั่วแขกตัดหัวตัดท้าย หั่นท่อนสั้น', '1/4 ถ้วย', 40),
(176, 'กระเทียมสับละเอียด', '1 ช้อนชา', 40),
(177, 'พริกไทยป่น', '1/4 ช้อนชา', 40),
(178, 'เกลือป่น', '1/4 ช้อนชา', 40),
(179, 'ซีอิ้วขาว', '2 ช้อนชา', 40),
(180, 'น้ำมันพืช', '2 ช้อนชา', 40);

-- --------------------------------------------------------

--
-- Table structure for table `cooking`
--

CREATE TABLE `cooking` (
  `cooking_id` int(3) NOT NULL,
  `cooking_recipe` text COLLATE utf8_unicode_ci NOT NULL,
  `resource` varchar(200) COLLATE utf8_unicode_ci DEFAULT NULL,
  `ID_Menu` int(3) NOT NULL
) ENGINE=InnoDB DEFAULT CHARSET=utf8 COLLATE=utf8_unicode_ci;

--
-- Dumping data for table `cooking`
--

INSERT INTO `cooking` (`cooking_id`, `cooking_recipe`, `resource`, `ID_Menu`) VALUES
(1, '<p>1.เตรียมหม้อหุงข้าวไฟฟ้า สำหรับหุงข้าว เตรียมไว้</p><p>2.เลือกข้าวหอมมะลิที่เมล็ดสวยๆ แล้วนำข้าวหอมมะลิ มาเตรียมไว้</p><p>3.จากนั้นตักข้าวหอมมะลิ ใส่ในถ้วยตวง ที่เตรียมไว้</p><p>4.จากนั้นเทข้าวหอมมะลิ ใส่ในหม้อหุงข้าว </p><p>จากนั้นเทน้ำใส่ลงไป ในหม้อหุงข้าว ให้ท่วมข้าวหอมมะลิ </p><p>จากนั้นใช้มือคนๆ ซาวข้าวหอมมะลิ ล้างน้ำให้สะอาด </p><p>จากนั้นเทน้ำซาวข้าวออก ค่อยๆเทน้ำออก </p>\n<p>5.จากนั้นเทน้ำซาวข้าว เทออกทิ้งไปให้หมด </p>\n<p>6.จากนั้นซาวน้ำล้างข้าวหอมมะลิ ให้สะอาดอีกครั้ง จะได้ข้าวหอมมะลิ ที่ซาวน้ำล้างให้สะอาดดีแล้ว</p>\n<p>7.จากนั้นเติมน้ำเปล่า ใส่ลงไปในหม้อ ใส่ให้ท่วมข้าวหอมมะลิ\n</p>\n<p>8.จากนั้นปิดฝา หม้อหุงข้าวไฟฟ้า ให้สนิท</p>\n<p>9.จากนั้นกดปุ่มเริ่มหุงข้าว จะมีไฟสีแดงโชว์ แสดงว่าเริ่มหุงข้าวแล้ว</p>\n<p>10.เมื่อได้เวลาประมาณ 15 นาทีแล้ว ข้าวหอมมะลิจะหุงสุก ปุ่มจะเด้งอัตโนมัติ ไฟสีแดงจะเปลี่ยนเป็นไฟสีส้ม</p>\n<p>11.จากนั้นเปิดฝาหม้อหุงข้าว แล้วจะได้ข้าวหอมมะลิหุงสุกร้อนๆ\n</p>\n<p>12.ข้าวหอมมะลิหุงสุก เมล็ดสวยๆไม่แฉะ มีกลิ่นหอมอร่อยมาก พร้อมจัดเสิร์ฟ</p>\n', 'https://www.thai-thaifood.com/th/%E0%B8%A7%E0%B8%B4%E0%B8%98%E0%B8%B5%E0%B8%AB%E0%B8%B8%E0%B8%87%E0%B8%82%E0%B9%89%E0%B8%B2%E0%B8%A7%E0%B8%AB%E0%B8%AD%E0%B8%A1%E0%B8%A1%E0%B8%B0%E0%B8%A5%E0%B8%B4/', 22),
(2, '<p><span style=\"color: rgb(96, 48, 19);\">- วิธีการหุงให้นุ่มน่ารับประทาน ทำได้ไม่ยาก เพียงตวงข้าวกล้องใส่หม้อในอัตราส่วน ข้าว 1 ส่วนต่อน้ำ 3 ส่วน</span></p><p><span style=\"color: rgb(96, 48, 19);\">- แช่ทิ้งไว้ 30 นาที จึงนำไปหุงตามปกติ หรือ อาจหุงโดยการใส่ข้าวขาวขัดผสมลงไปในอัตราส่วน 1 ต่อ 4 เพื่อเพิ่มความนุ่มให้กับข้าว เคล็ดลับอีกอย่างคือ การบีบมะนาวลงไปสักเสี้ยวจะช่วยให้ข้าวนุ่มขึ้นเท่านี้ก็สามารถหุงข้าวกล้อง ให้นุ่มน่ารับประทานได้แล้ว.</span></p><p>+ <a href=\"http://www.thammculture.com/th/%E0%B8%84%E0%B8%A7%E0%B8%B2%E0%B8%A1%E0%B8%A3%E0%B8%B9%E0%B9%89%E0%B9%80%E0%B8%A3%E0%B8%B7%E0%B9%88%E0%B8%AD%E0%B8%87%E0%B8%82%E0%B9%89%E0%B8%B2%E0%B8%A7/%E0%B8%A7%E0%B8%B4%E0%B8%98%E0%B8%B5%E0%B8%81%E0%B8%B2%E0%B8%A3%E0%B8%AB%E0%B8%B8%E0%B8%87%E0%B8%82%E0%B9%89%E0%B8%B2%E0%B8%A7%E0%B8%81%E0%B8%A5%E0%B9%89%E0%B8%AD%E0%B8%87%E0%B9%83%E0%B8%AB%E0%B9%89%E0%B8%99%E0%B8%B8%E0%B9%88%E0%B8%A1%E0%B8%99%E0%B9%88%E0%B8%B2%E0%B8%A3%E0%B8%B1%E0%B8%9A%E0%B8%9B%E0%B8%A3%E0%B8%B0%E0%B8%97%E0%B8%B2%E0%B8%99\" target=\"_blank\" style=\"color: rgb(96, 48, 19);\">ลิงค์</a>ข้อมูล</p>', 'http://www.thammculture.com/th/', 23),
(3, '<p>1.ตั้งน้ำซุปให้เดือด ใส่ข้าว ใส่หมูรวน</p><p>2.ใส่น้ำปลา โรยพริกไทยป่นคนพอทั่ว</p><p>3.ตักใส่ถ้วยที่รองด้วยคื่นฉ่าย โรยด้วยต้นหอมและผักชี</p>', 'หนังสือ เรื่อง กินเป็น สุขภาพดี ชีวิมีสุข', 24),
(4, '<p>1.ตั้งกะทะใส่เนยจืด พอร้อนใส่แครอท มะเขือเทศ หอมใหญ่ ผัดให้หอม  ผัดไข่ให้สุก</p><p>2.ใส่มะกะโรนีที่ลวกแล้ว ผัดให้เข้ากัน แล้วใส่กุ้งที่ลวกไว้ ผัดให้เข้ากันอีกที</p><p>3.ใส่กะหล่ำปลี แล้วผัดให้พอสุก เติมเครื่องปรุง ชิมรสตามชอบ</p><p>4.ก่อนปิดเตาให้ใส่คื่นส่ายและมะเขือเทสเชอรรี่ ผัดเพียงเล้กน้อย ตักเสิร์ฟ</p>', 'หนังสือ เรื่อง กินเป็น สุขภาพดี ชีวิมีสุข', 25),
(5, '<p>1 ตั้งกระทะไฟปานกลางใส่เนย แครอทและหอมหัวใหญ่ลงไปผัดพอนิ่ม ตามด้วยไก่สับละเอียด และมะเขือเทศ</p><p>2 ตอกไข่ลงไปผัดกับส่วนผสมในกัทะพอเข้ากันตามด้วยข้าวกล้องที่เตรียมไว้ ปรุงรสด้วยซอสเหยาะจิ้มตราแม็กกี้ใส่ต้นหอม ผัดหอม ผัดพอเข้ากันแล้วตักขึ้นไว้</p><p>3 นำข้าวกล้องผัดมาใส่พิมพ์รูปต่างๆ นำมาจัดเจียงในกล่อง ตกแต่งสวยงาม ตกแต่งด้วยสาหร่าย</p>', 'หนังสือ เรื่อง กินเป็น สุขภาพดี ชีวิมีสุข', 26),
(6, '<p>1.ต่อยไข่ใส่ชามผสม ตีพอแตก </p><p>2.ใส่น้ำมันในกระทะ 1 ช้อนโต๊ะ ตั้งไฟอ่อนให้ร้อนกรอกกระทะไปมาให้น้ำมันติดทั่วกระทะ เทใส่ไข่ กรอกให้เป็นแผ่นบาง พอสุกทั่ว แชะไข่ขึ้น(ทำจนไข่หมด)</p><p>3.ใส่น้ำมันที่เหลือในกระทะตั้งไฟให้ร้อน ใส่หอมใหญ่ผัดให้หอม ใส่่ไก่ ผัดให้สุก ใส้แครอทตามด้วยข้าวผัดให้เข้ากัน</p><p>4.ปรุงรสด้วยซีอิ๊วขาว เกลือป่น พริกไทย ผัดให้เข้ากันยกลงโรยด้วยต้นหอม หั่นฝอย</p><p>5.วางแผ่นไข่ วางสาหร่ายบนแผ่นไข่ ตัดข้าวผัดใส่ม้วนให้แน่น หั่นชิ้นขนาดพอดีคำ รับประทานกับซอสมะเขือเทศ</p>', 'หนังสือ เรื่อง กินเป็น สุขภาพดี ชีวิมีสุข', 28),
(7, '<p>1.ล้างกะหล่ำปลี เจาะเอาแต่เนื้อตรงกลางออกให้มีลักษณะเป็นถ้วย นำไปลวกในน้ำเดือดพอสุก ตักขึ้นใส่น้ำเย็นทักที่ พักไว้ให้สะเด็ดน้ำ</p><p>2.ล้างเต้าหู้ หั่นเป็นชิ้นเล็ก ใส่อ่างผสม ต่อยไข่ใส่ ใส่เห็ดหอม เห้ดฟาง เคล้าให้เข้ากัน ใส่แป้งมัน</p><p>3.ปรุงรสด้วยเกลือ ชีอิ้วขาว น้ำตาล พริกไทย ใส่พริกชี้ฟ้า คลุุกเคล้าให้เข้ากัน ตักใส่ในกะหล่ำปลี เรียงลงจาร นำไปนี่งในน้ำเดือด ไฟแรง ประมาณ 10 - 15 นาที ยกลง</p>', 'หนังสือ เรื่อง อาหารวัยทอง สูตรอาหารสุขภาพสำหรับผู้หญิง', 35),
(8, '<p>1 ผสมเครื่ิองท่ี่โขลกกับซีอิ๊วขาว น้ำมัน น้ำตาล ซอสมะเขือเทศ สีผสมอาหารสีแดงเข้าด้วยกัย เคล้ากับเต้าหู้ หมักไว้ประมาณ 30 นาที</p><p>2.ใส่น้ำลงในหม้อ 1 ถ้วย ใส่เต้าหู้ ตั้งไฟ เคี่ยวประมาณ 15 นาทีหรือพอน้้ำงวด ยกลง หั่นเป็นชิ้นขนาดพอดีคำ จัดใส่จาน พักไว้</p><p>3.นำน้ำที่ต้มเต้าหู้ตั้งไฟ ถั่วลิสงคั่ว เดือดอีกครั้งใส่แป้งมันละลายน้ำเล็กน้อย คนพอข้น ยกลง ตักราดบนจานเต้าหู้</p>', 'หนังสือ เรื่อง อาหารวัยทอง สูตรอาหารสุขภาพสำหรับผู้หญิง', 36),
(9, '<p><span style=\"color: rgb(17, 17, 17);\">1. นำไก่ตุ๋น+เครื่องยาจีน+เกลือแกง+เห็ดหอมแห้ง+น้ำเปล่าใส่ในหม้อหุงข้าว ปิดฝาแล้วกดปุ๋มตุ๋น</span></p><p><span style=\"color: rgb(17, 17, 17);\">2. เมื่อไฟเด้งไปที่ปุ่มอุ่น ให้เปิดฝาแล้วใส่เก๋ากี๊ ทิ้งไว้ 15 นาที เป็นอันเสร็จ</span></p>', 'หนังสือ เรื่อง อาหารวัยทอง สูตรอาหารสุขภาพสำหรับผู้หญิง', 31),
(10, '<p>1. โขลกกุ้งแห้ง หอมแดง พริกไทยเม็ด ให้ละเอียด ใส่กะปิ ผสมให้เข้ากัน พักไว้</p><p>2. ตั้งหม้อใส่น้ำมันพืช ผัดเครื่องโขลกให้หอม เติมน้ำซุปรอให้เดือดใส่ซี่โครงหมูอ่อนต้มให้สุก ใส่สับปะรดปรุงรสด้วย น้ำปลา น้ำตาลทราย เคี่ยวไฟอ่อน ประมาณ 30 นาที โรยผักชี ปิดไฟ ตักเสิร์ฟ</p>', 'หนังสือ เรื่อง กินเป็น สุขภาพดี ชีวิมีสุข', 30),
(11, '<ol><li>นำกระทะตั้งไฟ ใส่น้ำมัน พอร้อนใส่กระเทียม เจียวพอหอม ใส่เนื้อหมู เกลือ ใส่หอมใหญ่ ผัดพอหมูสุกหอม ใส่เนื้อหมู เกลือ ใส่หอมใหญ่ ผัดพอหมูสุก</li><li>ใส่ถั่วแขก ผัดพอสุกทั่ว ใส่ข้าวกล้อง ข้าวโพด ผัดพอทั่ว ใส่มะเขือเทส</li><li>ปรุงรสด้วยซีอิ้วขาว ใส่พริกไทย ผัดให้เข้ากันทั่ว ตักใส่จารเสริฟ์</li></ol>', 'หนังสือ เรื่อง อาหารวัยทอง สูตรอาหารสุขภาพสำหรับผู้หญิง', 40),
(12, '<p>1 ลวกปลาพอสุก พยายามอย่าให้แข็ง เสร็จแล้วพักไว้</p><p>2. ต้มน้ำซุป กับมันฝรั่งจนสุกด้วยไฟปานกลาง ใส่ข้าวลงไป พอน้ำเดือดอีกครั้งใส่ปลา ผักโขม และปรุงรส ด้วยซีอิ้วขาวรอจนสุกจึงยกลง</p>', 'หนังสือ เรื่อง กินเป็น สุขภาพดี ชีวิมีสุข', 29),
(13, '\n1. นำเต้าหู้หั่นเป็นท่อนหนาประมาณ 1-1.5 นิ้ว คลุกกับแป้งข้าวโพดให้ทั่ว แล้วนำลงทอดในน้ำมัน ให้มีสีเหลืองสวย พักให้สะเด็ดน้ำมัน\n2. ตั้งกระทะ ใส่น้ำมันเล็กน้อย ใส่กระเทียมสับผัดให้สุกหอม ใส่เห็ดหอม หมูสับผัดพอสุก ใส่แครอท ข้าวโพดอ่อน ผัดให้สุกดี \n3. ปรุงรสด้วยซีอิ๊วขาว ซอสหอยนางรม น้ำตาลทราย พริกไทย เติมน้ำสต๊อก รอเดือด ใส่แป้งข้าวโพด 2 ช้อนโต๊ะละลายน้ำ คนจนน้ำมีลักษณะเหนียวคล้ายราดหน้า ตักน้ำราดบนเต้าหู้ที่ทอดไว้ โรยด้วยต้นหอมซอย จัดเสิร์ฟ', 'หนังสือ เรื่อง กินเป็น สุขภาพดี ชีวิมีสุข', 32),
(14, '<p>1.ผัดทอดใหญ่กับเนยเข้าด้วยกันพอหอม ใส่ข้าวโพด ผัดให้ทั่ว ตักใส่หม้อ</p><p>2.ใส่ชุปไก่ ใบกระวาน ตั้งเคี่ยวให้ข้าวโพดสุกนุ่ม</p><p>3.ปรุงรสด้วยเกลือ พริกไทย คนพอทั่ว ใส่นมข้มจืด พอร้อนทั่วตักใส่ถ้วย</p>', 'หนังสือ เรื่อง อาหารวัยทอง สูตรอาหารสุขภาพสำหรับผู้หญิง', 39);

-- --------------------------------------------------------

--
-- Table structure for table `decks`
--

CREATE TABLE `decks` (
  `ID_Menu` int(11) NOT NULL,
  `ID_Deck` int(11) NOT NULL,
  `created_at` timestamp NULL DEFAULT NULL,
  `updated_at` timestamp NULL DEFAULT NULL
) ENGINE=InnoDB DEFAULT CHARSET=utf8 COLLATE=utf8_unicode_ci;

--
-- Dumping data for table `decks`
--

INSERT INTO `decks` (`ID_Menu`, `ID_Deck`, `created_at`, `updated_at`) VALUES
(23, 1, '2017-12-11 10:16:48', '2017-12-11 10:16:48'),
(34, 1, '2017-12-11 10:16:48', '2017-12-11 10:16:48'),
(6, 1, '2017-12-11 10:16:48', '2017-12-11 10:16:48'),
(28, 2, '2017-12-11 10:36:03', '2017-12-11 10:36:03'),
(29, 2, '2017-12-11 10:36:03', '2017-12-11 10:36:03'),
(34, 2, '2017-12-11 10:36:03', '2017-12-11 10:36:03'),
(15, 2, '2017-12-11 10:36:03', '2017-12-11 10:36:03'),
(24, 3, '2017-12-11 10:36:19', '2017-12-11 10:36:19'),
(31, 3, '2017-12-11 10:36:19', '2017-12-11 10:36:19'),
(19, 3, '2017-12-11 10:36:19', '2017-12-11 10:36:19'),
(22, 4, '2017-12-11 10:37:50', '2017-12-11 10:37:50'),
(30, 4, '2017-12-11 10:37:50', '2017-12-11 10:37:50'),
(21, 4, '2017-12-11 10:37:50', '2017-12-11 10:37:50'),
(33, 4, '2017-12-11 10:37:50', '2017-12-11 10:37:50'),
(28, 5, '2017-12-11 10:49:58', '2017-12-11 10:49:58'),
(31, 5, '2017-12-11 10:49:58', '2017-12-11 10:49:58'),
(1, 5, '2017-12-11 10:49:58', '2017-12-11 10:49:58'),
(26, 6, '2017-12-12 06:44:03', '2017-12-12 06:44:03'),
(30, 6, '2017-12-12 06:44:03', '2017-12-12 06:44:03'),
(5, 6, '2017-12-12 06:44:03', '2017-12-12 06:44:03');

-- --------------------------------------------------------

--
-- Table structure for table `diseases`
--

CREATE TABLE `diseases` (
  `Disease_id` int(10) UNSIGNED NOT NULL,
  `diseases_type` varchar(50) COLLATE utf8_unicode_ci NOT NULL,
  `created_at` timestamp NULL DEFAULT NULL,
  `updated_at` timestamp NULL DEFAULT NULL
) ENGINE=InnoDB DEFAULT CHARSET=utf8 COLLATE=utf8_unicode_ci;

--
-- Dumping data for table `diseases`
--

INSERT INTO `diseases` (`Disease_id`, `diseases_type`, `created_at`, `updated_at`) VALUES
(1, 'โรคเบาหวาน', '2017-12-10 17:00:00', '2017-12-10 17:00:00'),
(2, 'โรคไขมันในเลือดสูง', '2017-12-10 17:00:00', '2017-12-10 17:00:00'),
(3, 'เป็นทั้ง 2 โรค', '2017-12-10 17:00:00', '2017-12-10 17:00:00'),
(4, 'ไม่มี', NULL, NULL);

-- --------------------------------------------------------

--
-- Table structure for table `disease_foods`
--

CREATE TABLE `disease_foods` (
  `ID_Deck` int(11) NOT NULL,
  `Disease_id` int(11) NOT NULL,
  `created_at` timestamp NULL DEFAULT NULL,
  `updated_at` timestamp NULL DEFAULT NULL
) ENGINE=InnoDB DEFAULT CHARSET=utf8 COLLATE=utf8_unicode_ci;

-- --------------------------------------------------------

--
-- Table structure for table `groupfoods`
--

CREATE TABLE `groupfoods` (
  `id` int(10) UNSIGNED NOT NULL,
  `food_name` varchar(255) COLLATE utf8_unicode_ci NOT NULL,
  `created_at` timestamp NULL DEFAULT NULL,
  `updated_at` timestamp NULL DEFAULT NULL
) ENGINE=InnoDB DEFAULT CHARSET=utf8 COLLATE=utf8_unicode_ci;

--
-- Dumping data for table `groupfoods`
--

INSERT INTO `groupfoods` (`id`, `food_name`, `created_at`, `updated_at`) VALUES
(1, 'ข้าว ขนมปัง', '2017-08-14 12:36:02', '2017-08-14 12:36:02'),
(2, 'อาหารจานเดียว', '2017-08-14 12:36:21', '2017-08-14 12:36:21'),
(3, 'แหล่งอาหารสูง', '2017-08-14 12:36:32', '2017-08-14 12:36:32'),
(4, 'ต้นจืด / แกงรสชาติไม่เผ็ด', '2017-08-14 12:36:41', '2017-08-14 12:36:41'),
(5, 'อาหารผัด', '2017-08-14 12:36:51', '2017-08-14 12:36:51'),
(6, 'อาหารทอด', '2017-08-14 12:37:03', '2017-08-14 12:37:03'),
(7, 'อาหารมังสวิรัส', '2017-08-14 12:37:15', '2017-08-14 12:37:15'),
(8, 'ผลไม้', '2017-08-14 12:37:26', '2017-08-14 12:37:26'),
(9, 'นม', '2017-12-11 10:14:43', '2017-12-11 10:14:43');

-- --------------------------------------------------------

--
-- Table structure for table `menu`
--

CREATE TABLE `menu` (
  `ID_Menu` int(3) NOT NULL,
  `Menu_Name` varchar(50) COLLATE utf8_unicode_ci NOT NULL,
  `Menu_Image` varchar(50) COLLATE utf8_unicode_ci NOT NULL,
  `memu_resource` varchar(255) COLLATE utf8_unicode_ci NOT NULL,
  `ID_Food_Group` int(3) NOT NULL,
  `created_at` datetime NOT NULL DEFAULT CURRENT_TIMESTAMP
) ENGINE=InnoDB DEFAULT CHARSET=utf8 COLLATE=utf8_unicode_ci;

--
-- Dumping data for table `menu`
--

INSERT INTO `menu` (`ID_Menu`, `Menu_Name`, `Menu_Image`, `memu_resource`, `ID_Food_Group`, `created_at`) VALUES
(1, 'กล้วยไข่ / Banana', 'b1.jpeg', '', 8, '2017-12-07 17:48:07'),
(2, 'กล้วยน้ำว้า', 'b2.png', '', 8, '2017-12-07 17:48:07'),
(3, 'แก้วมังกร', 'b3.png', '', 8, '2017-12-07 17:48:07'),
(4, 'ขนุนหนัง', 'lO7bg.No_Image_Available.jpg', '', 8, '2017-12-07 17:48:07'),
(5, 'แคนตาลูป', 'b6.png', '', 8, '2017-12-07 17:48:07'),
(6, 'เงาะโรงเรียน', 'vOpdp.No_Image_Available.jpg', '', 8, '2017-12-07 17:48:07'),
(7, 'ชมพูทับทิมจันทน์', 'rm3RC.No_Image_Available.jpg', '', 8, '2017-12-07 17:48:07'),
(8, 'ตะขบ', 'TIWdn.No_Image_Available.jpg', '', 8, '2017-12-07 17:48:07'),
(9, 'แตงโม', 'b4.png', '', 8, '2017-12-07 17:48:07'),
(10, 'ทุเรียนหมอนทอง', 'BuBQV.No_Image_Available.jpg', '', 8, '2017-12-07 17:48:07'),
(11, 'ฝรั่งกลมสาลี่', 'BuBQV.No_Image_Available.jpg', '', 8, '2017-12-07 17:48:07'),
(12, 'ฝรั่งกิมจู', 'BuBQV.No_Image_Available.jpg', '', 8, '2017-12-07 17:48:07'),
(13, 'มังคุด', 'b7.png', '', 8, '2017-12-07 17:48:07'),
(14, 'มะพร้าวอ่อน (เนื้อ)', 'b5.png', '', 8, '2017-12-07 17:48:07'),
(15, 'มะพร้าวอ่อน (น้ำ)', 'b5.png', '', 8, '2017-12-07 17:48:07'),
(16, 'มะเฟืองมาเลเซีย', 'H6IPo.No_Image_Available.jpg', '', 8, '2017-12-07 17:48:07'),
(17, 'มะม่วงแรดดิบ', 'VDSix.No_Image_Available.jpg', '', 8, '2017-12-07 17:48:07'),
(18, 'มะม่วงเขียวเสวยดิบ', 'VpRZM.No_Image_Available.jpg', '', 8, '2017-12-07 17:48:07'),
(19, 'มะม่วงผลสุก น้ำดอกไม้', 'YTUlN.No_Image_Available.jpg', '', 8, '2017-12-07 17:48:07'),
(20, 'มะม่วงผลสุก อกร่วง', 'b8.png', '', 8, '2017-12-07 17:48:07'),
(21, 'มะยงชิด', 'AidEj.No_Image_Available.jpg', '', 8, '2017-12-07 17:48:07'),
(22, 'ข้าวสุก', 'j2.jpg', '', 1, '2017-12-07 17:48:07'),
(23, 'ข้าวกล่อง', 'j3.jpg', '', 1, '2017-12-07 17:48:07'),
(24, 'ข้าวต้มหมู', 'j1.jpg', '', 2, '2017-12-07 17:48:07'),
(25, 'ผัดมักโรนีกุ้ง', 'gMXcX.No_Image_Available.jpg', '', 2, '2017-12-07 17:48:07'),
(26, 'ข้าวกล่องแฟนซี', 'tfsoH.No_Image_Available.jpg', '', 2, '2017-12-07 17:48:07'),
(27, 'ต้มจืดสีรุ้ง', 'cWrnV.No_Image_Available.jpg', '', 4, '2017-12-07 17:48:07'),
(28, 'ข้าวผัดม้วนไข่', 'A2R12.No_Image_Available.jpg', '', 2, '2017-12-07 17:48:07'),
(29, 'ข้าวต้มปลาสับกับผักโขม', 'x2wPU.No_Image_Available.jpg', '', 2, '2017-12-07 17:48:07'),
(30, 'ต้มจืดสับปะรดซี่โครงหมูอ่อน', 'F0VEH.No_Image_Available.jpg', '', 4, '2017-12-07 17:48:07'),
(31, 'ไก่ดำตุ๋นยาจีน', 'bWQkd.No_Image_Available.jpg', '', 4, '2017-12-07 17:48:07'),
(32, 'เต๋าหู้ทรงเครื่อง', 'zfqXM.No_Image_Available.jpg', '', 4, '2017-12-07 17:48:07'),
(33, 'น้ำนมถั่วเหลือง', 'UvEz6.No_Image_Available.jpg', '', 9, '2017-12-07 17:48:07'),
(34, 'เต้าหู้นึ่งมะนาว', 'xDSuM.No_Image_Available.jpg', '', 4, '2017-12-07 17:48:07'),
(35, 'กะหล่ำปลีอบเต้าหู้', 'sZBLM.No_Image_Available.jpg', '', 4, '2017-12-07 17:48:07'),
(36, 'เต้าหู้ปรุงรส', 'vN4mT.No_Image_Available.jpg', '', 6, '2017-12-07 17:48:07'),
(37, 'ข้าวผัดสีม่วง', 'RNF3X.No_Image_Available.jpg', '', 2, '2017-12-07 17:48:07'),
(38, 'ชุปฟักทอง', '', '', 2, '2017-12-07 17:48:07'),
(39, 'ชุปข้าวโพด', 'ElW9J.No_Image_Available.jpg', '', 2, '2017-12-07 17:48:07'),
(40, 'ข้าวผัดหมูข้าวโพด', 'AtznY.No_Image_Available.jpg', '', 2, '2017-12-07 17:48:07');

-- --------------------------------------------------------

--
-- Table structure for table `migrations`
--

CREATE TABLE `migrations` (
  `id` int(10) UNSIGNED NOT NULL,
  `migration` varchar(255) COLLATE utf8_unicode_ci NOT NULL,
  `batch` int(11) NOT NULL
) ENGINE=InnoDB DEFAULT CHARSET=utf8 COLLATE=utf8_unicode_ci;

--
-- Dumping data for table `migrations`
--

INSERT INTO `migrations` (`id`, `migration`, `batch`) VALUES
(8, '2014_10_12_000000_create_users_table', 1),
(9, '2014_10_12_100000_create_password_resets_table', 1),
(10, '2017_08_11_171040_create_groupfoods_table', 1),
(11, '2017_08_25_223305_create_decks_table', 1),
(12, '2017_11_17_002746_create_articles_table', 1),
(13, '2017_12_11_023717_create_users_profile_table', 1),
(14, '2017_12_11_105349_create_diseases_table', 2),
(15, '2017_12_11_105932_create_user_diseases_table', 3),
(16, '2017_12_11_110009_create_disease_foods_table', 3);

-- --------------------------------------------------------

--
-- Table structure for table `nutrition`
--

CREATE TABLE `nutrition` (
  `nutrition_id` int(3) NOT NULL,
  `nutrition_category` varchar(50) COLLATE utf8_unicode_ci NOT NULL
) ENGINE=InnoDB DEFAULT CHARSET=utf8 COLLATE=utf8_unicode_ci;

--
-- Dumping data for table `nutrition`
--

INSERT INTO `nutrition` (`nutrition_id`, `nutrition_category`) VALUES
(1, 'พลังงาน'),
(2, 'โปรตีน'),
(3, 'ไขมัน'),
(4, 'คาร์โบไฮเดรต'),
(5, 'โคเลสรอล'),
(6, 'ใยอาหาร'),
(7, 'วิตามิน เอ'),
(8, 'วิตามิน บี1'),
(9, 'วิตามิน บี2'),
(10, 'วิตามิน ซี'),
(11, 'เหล็ก'),
(12, 'แคลเซียม'),
(13, 'น้ำ'),
(14, 'น้ำตาล'),
(15, 'เบต้าแคโรทีน'),
(16, 'โปแตสเซียม');

-- --------------------------------------------------------

--
-- Table structure for table `nutrition_detail`
--

CREATE TABLE `nutrition_detail` (
  `nutrition_detail_id` int(3) NOT NULL,
  `ID_Composition` int(3) NOT NULL,
  `nutrition_id` int(3) NOT NULL,
  `nutrition_detail_ratio` varchar(30) COLLATE utf8_unicode_ci NOT NULL,
  `ID_Menu` int(3) NOT NULL
) ENGINE=InnoDB DEFAULT CHARSET=utf8 COLLATE=utf8_unicode_ci;

--
-- Dumping data for table `nutrition_detail`
--

INSERT INTO `nutrition_detail` (`nutrition_detail_id`, `ID_Composition`, `nutrition_id`, `nutrition_detail_ratio`, `ID_Menu`) VALUES
(1, 1, 2, '56 กิโลแคลอรี', 1),
(2, 1, 13, '36 กรัม', 1),
(3, 1, 14, '11 กรัม', 1),
(4, 1, 6, '1.0 กรัม', 1),
(5, 1, 15, '136 ไมโครกรัม', 1),
(6, 1, 10, '5 มิลลิกรัม', 1),
(7, 1, 16, '135 มิลลิกรัม', 1);

-- --------------------------------------------------------

--
-- Table structure for table `password_resets`
--

CREATE TABLE `password_resets` (
  `email` varchar(255) COLLATE utf8_unicode_ci NOT NULL,
  `token` varchar(255) COLLATE utf8_unicode_ci NOT NULL,
  `created_at` timestamp NULL DEFAULT NULL
) ENGINE=InnoDB DEFAULT CHARSET=utf8 COLLATE=utf8_unicode_ci;

-- --------------------------------------------------------

--
-- Table structure for table `quiz_rule`
--

CREATE TABLE `quiz_rule` (
  `ID_Deck` int(3) NOT NULL,
  `quiz_Celery` int(1) NOT NULL,
  `quiz_Gluten` int(1) NOT NULL,
  `quiz_Sea_animals` int(1) NOT NULL,
  `quiz_Egg` int(1) NOT NULL,
  `quiz_fish` int(1) NOT NULL,
  `quiz_Lupine` int(1) NOT NULL,
  `quiz_Mike` int(1) NOT NULL,
  `quiz_Shellfish_squid` int(1) NOT NULL,
  `quiz_Mustard` int(1) NOT NULL,
  `quiz_Nuts_with_hard_shell` int(1) NOT NULL,
  `quiz_Peanut` int(1) NOT NULL,
  `quiz_Sesame_seeds` int(1) NOT NULL,
  `quiz_Soybean` int(1) NOT NULL,
  `quiz_Sulfur_oxide` int(1) NOT NULL,
  `isActive` int(2) NOT NULL
) ENGINE=InnoDB DEFAULT CHARSET=utf8 COLLATE=utf8_unicode_ci;

-- --------------------------------------------------------

--
-- Table structure for table `users`
--

CREATE TABLE `users` (
  `id` int(10) UNSIGNED NOT NULL,
  `name` varchar(255) COLLATE utf8_unicode_ci NOT NULL,
  `email` varchar(255) COLLATE utf8_unicode_ci NOT NULL,
  `permission` tinyint(1) NOT NULL,
  `password` varchar(255) COLLATE utf8_unicode_ci NOT NULL,
  `remember_token` varchar(100) COLLATE utf8_unicode_ci DEFAULT NULL,
  `created_at` timestamp NULL DEFAULT NULL,
  `updated_at` timestamp NULL DEFAULT NULL
) ENGINE=InnoDB DEFAULT CHARSET=utf8 COLLATE=utf8_unicode_ci;

--
-- Dumping data for table `users`
--

INSERT INTO `users` (`id`, `name`, `email`, `permission`, `password`, `remember_token`, `created_at`, `updated_at`) VALUES
(1, 'BENZ', 'admin@gmail.com', 1, '$2y$10$MeejfS9siFi6cXQ4KKXdW.lzxzoYEmYwgn7IP4NnE6TUIuowSa7b6', 'KUV2GzV0ffe6wQMUiHmkpDeT49s6yzkh9qsWZNkPAqY4z55sJNvrSrOp6n7z', '2017-12-11 07:32:49', '2017-12-11 07:32:49'),
(2, 'saranya', 'sry@gmail.com', 0, '$2y$10$RtmTBPGEvvtjVxQJXZnwXOOUoR214yYDNhBn7zcx1rXyFgCll7bz6', 'xrttWkI8sI3GISNJFNcuy5kmfdCwKryAeYZVNzQH3aBz94OqbuHzluMzmaV1', '2017-12-11 07:34:16', '2017-12-11 07:34:16');

-- --------------------------------------------------------

--
-- Table structure for table `user_diseases`
--

CREATE TABLE `user_diseases` (
  `user_id` int(11) NOT NULL,
  `Disease_id` int(11) NOT NULL,
  `created_at` timestamp NULL DEFAULT NULL,
  `updated_at` timestamp NULL DEFAULT NULL
) ENGINE=InnoDB DEFAULT CHARSET=utf8 COLLATE=utf8_unicode_ci;

--
-- Dumping data for table `user_diseases`
--

INSERT INTO `user_diseases` (`user_id`, `Disease_id`, `created_at`, `updated_at`) VALUES
(2, 1, '2017-12-11 09:57:06', '2017-12-11 09:57:06');

--
-- Indexes for dumped tables
--

--
-- Indexes for table `article`
--
ALTER TABLE `article`
  ADD PRIMARY KEY (`article_id`);

--
-- Indexes for table `composition`
--
ALTER TABLE `composition`
  ADD PRIMARY KEY (`ID_Composition`),
  ADD KEY `ID_Menu` (`ID_Menu`);

--
-- Indexes for table `cooking`
--
ALTER TABLE `cooking`
  ADD PRIMARY KEY (`cooking_id`);

--
-- Indexes for table `diseases`
--
ALTER TABLE `diseases`
  ADD PRIMARY KEY (`Disease_id`);

--
-- Indexes for table `disease_foods`
--
ALTER TABLE `disease_foods`
  ADD PRIMARY KEY (`ID_Deck`,`Disease_id`);

--
-- Indexes for table `groupfoods`
--
ALTER TABLE `groupfoods`
  ADD PRIMARY KEY (`id`);

--
-- Indexes for table `menu`
--
ALTER TABLE `menu`
  ADD PRIMARY KEY (`ID_Menu`);

--
-- Indexes for table `migrations`
--
ALTER TABLE `migrations`
  ADD PRIMARY KEY (`id`);

--
-- Indexes for table `nutrition`
--
ALTER TABLE `nutrition`
  ADD PRIMARY KEY (`nutrition_id`);

--
-- Indexes for table `nutrition_detail`
--
ALTER TABLE `nutrition_detail`
  ADD PRIMARY KEY (`nutrition_detail_id`);

--
-- Indexes for table `password_resets`
--
ALTER TABLE `password_resets`
  ADD KEY `password_resets_email_index` (`email`);

--
-- Indexes for table `quiz_rule`
--
ALTER TABLE `quiz_rule`
  ADD PRIMARY KEY (`ID_Deck`);

--
-- Indexes for table `users`
--
ALTER TABLE `users`
  ADD PRIMARY KEY (`id`),
  ADD UNIQUE KEY `users_email_unique` (`email`);

--
-- Indexes for table `user_diseases`
--
ALTER TABLE `user_diseases`
  ADD PRIMARY KEY (`user_id`,`Disease_id`);

--
-- AUTO_INCREMENT for dumped tables
--

--
-- AUTO_INCREMENT for table `article`
--
ALTER TABLE `article`
  MODIFY `article_id` int(11) NOT NULL AUTO_INCREMENT, AUTO_INCREMENT=3;
--
-- AUTO_INCREMENT for table `composition`
--
ALTER TABLE `composition`
  MODIFY `ID_Composition` int(3) NOT NULL AUTO_INCREMENT, AUTO_INCREMENT=181;
--
-- AUTO_INCREMENT for table `cooking`
--
ALTER TABLE `cooking`
  MODIFY `cooking_id` int(3) NOT NULL AUTO_INCREMENT, AUTO_INCREMENT=15;
--
-- AUTO_INCREMENT for table `diseases`
--
ALTER TABLE `diseases`
  MODIFY `Disease_id` int(10) UNSIGNED NOT NULL AUTO_INCREMENT, AUTO_INCREMENT=5;
--
-- AUTO_INCREMENT for table `groupfoods`
--
ALTER TABLE `groupfoods`
  MODIFY `id` int(10) UNSIGNED NOT NULL AUTO_INCREMENT, AUTO_INCREMENT=10;
--
-- AUTO_INCREMENT for table `menu`
--
ALTER TABLE `menu`
  MODIFY `ID_Menu` int(3) NOT NULL AUTO_INCREMENT, AUTO_INCREMENT=41;
--
-- AUTO_INCREMENT for table `migrations`
--
ALTER TABLE `migrations`
  MODIFY `id` int(10) UNSIGNED NOT NULL AUTO_INCREMENT, AUTO_INCREMENT=17;
--
-- AUTO_INCREMENT for table `nutrition`
--
ALTER TABLE `nutrition`
  MODIFY `nutrition_id` int(3) NOT NULL AUTO_INCREMENT, AUTO_INCREMENT=17;
--
-- AUTO_INCREMENT for table `nutrition_detail`
--
ALTER TABLE `nutrition_detail`
  MODIFY `nutrition_detail_id` int(3) NOT NULL AUTO_INCREMENT, AUTO_INCREMENT=8;
--
-- AUTO_INCREMENT for table `users`
--
ALTER TABLE `users`
  MODIFY `id` int(10) UNSIGNED NOT NULL AUTO_INCREMENT, AUTO_INCREMENT=3;
/*!40101 SET CHARACTER_SET_CLIENT=@OLD_CHARACTER_SET_CLIENT */;
/*!40101 SET CHARACTER_SET_RESULTS=@OLD_CHARACTER_SET_RESULTS */;
/*!40101 SET COLLATION_CONNECTION=@OLD_COLLATION_CONNECTION */;
